activity_code,activity_name_spanish,activity_name
325520,Fabricacion de adhesivos,Adhesive manufacturing
524220,Administracion de cajas de pension y de seguros independientes,Administration of pension funds and independent insurance companies
336410,Fabricacion de equipo aeroespacial,Aerospace equipment manufacturing
488111,Servicios a la navegacion aerea,Air navigation services
488112,Administracion de aeropuertos y helipuertos,Airport and heliport management
311110,Elaboracion de alimentos para animales,Animal feed production
484229,Otro autotransporte local de carga especializado,Another specialized local freight transport
238121,Montaje de estructuras de concreto prefabricadas,Assembly of prefabricated concrete structures
238122,Montaje de estructuras de acero prefabricadas,Assembly of prefabricated steel structures
331310,Industria basica del aluminio,Basic aluminum industry
327112,Fabricacion de muebles de bano,Bathroom furniture manufacturing
312120,Elaboracion de cerveza,Beer making
311921,Beneficio del cafe,Benefit of coffee
312210,Beneficio del tabaco,Benefit of tobacco
311211,Beneficio del arroz,Benefits of rice
336610,Fabricacion de embarcaciones,Boat manufacturing
523110,Casas de bolsa,Brokerage firms
485510,Alquiler de autobuses con chofer,Bus rental with driver
488491,Servicios de administracion de centrales camioneras,Bus station management services
339994,Fabricacion de velas y veladoras,Candle and votive making
485320,Alquiler de automoviles con chofer,Car rental with driver
322131,Fabricacion de carton en plantas integradas,Cardboard manufacturing in integrated plants
238350,Realizacion de trabajos de carpinteria en el lugar de la construccion,Carrying out carpentry work at the construction site
331510,Moldeo por fundicion de piezas de hierro y acero,Casting of iron and steel parts
331520,Moldeo por fundicion de piezas metalicas no ferrosas,Casting of non-ferrous metal parts
521110,Banca central,Central Bank
312221,Elaboracion de cigarros,Cigar making
532220,Alquiler de prendas de vestir,Clothing rental
532281,Alquiler de prendas de vestir,Clothing rental
483112,"Transporte maritimo de cabotaje, excepto de petroleo y gas natural","Coastal maritime transport, except for oil and natural gas"
339995,Fabricacion de ataudes,Coffin manufacturing
327320,Fabricacion de concreto,Concrete manufacturing
236111,Edificacion de vivienda unifamiliar,Construction of a single-family home
237112,Construccion de sistemas de riego agricola,Construction of agricultural irrigation systems
236221,"Edificacion de inmuebles comerciales y de servicios, excepto la supervision","Construction of commercial and service properties, except supervision"
237991,Construccion de presas y represas,Construction of dams and reservoirs
237992,"Construccion de obras maritimas, fluviales y subacuaticas","Construction of maritime, river and underwater works"
236112,Edificacion de vivienda multifamiliar,Construction of multi-family housing
237121,Construccion de sistemas de distribucion de petroleo y gas,Construction of oil and gas distribution systems
237122,Construccion de plantas de refineria y petroquimica,Construction of refinery and petrochemical plants
237312,"Construccion de carreteras, puentes y similares","Construction of roads, bridges and similar"
237132,Construccion de obras para telecomunicaciones,Construction of telecommunications works
237212,Construccion de obras de urbanizacion,Construction of urban development works
236211,"Edificacion de naves y plantas industriales, excepto la supervision","Construction of warehouses and industrial plants, except supervision"
237993,Construccion de obras para transporte electrico y ferroviario,Construction of works for electric and railway transport
237131,Construccion de obras de generacion y conduccion de energia electrica,Construction of works for the generation and transmission of electrical energy
237111,"Construccion de obras para el tratamiento, distribucion y suministro de agua y drenaje","Construction of works for the treatment, distribution, supply and drainage of water"
236222,Supervision de edificacion de inmuebles comerciales y de servicios,Construction supervision of commercial and service properties
237133,Supervision de construccion de obras de generacion y conduccion de energia electrica y de obras para telecomunicaciones,Construction supervision of electric power generation and transmission works and telecommunications works
237123,Supervision de construccion de obras para petroleo y gas,Construction supervision of oil and gas works
237994,Supervision de construccion de otras obras de ingenieria civil,Construction supervision of other civil engineering works
236212,Supervision de edificacion de naves y plantas industriales,Construction supervision of warehouses and industrial plants
237113,"Supervision de construccion de obras para el tratamiento, distribucion y suministro de agua, drenaje y riego","Construction supervision of works for the treatment, distribution and supply of water, drainage and irrigation"
331411,Fundicion y refinacion de cobre,Copper smelting and refining
551111,Corporativos,Corporate
488410,Servicios de grua,Crane services
522310,Uniones de credito,Credit unions
315225,Confeccion de prendas de vestir sobre medida,Custom-made clothing
488511,Servicios de agencias aduanales,Customs agency services
311612,"Corte y empacado de carne de ganado, aves y otros animales comestibles","Cutting and packaging of meat from cattle, poultry, and other edible animals"
483111,"Transporte maritimo de altura, excepto de petroleo y gas natural","Deep-sea maritime transport, except for oil and natural gas"
311421,Deshidratacion de frutas y verduras,Dehydration of fruits and vegetables
522210,Banca de desarrollo,Development bank
237211,Division de terrenos,Division of land
238210,Instalaciones electricas en construcciones,Electrical installations in buildings
523122,Centros cambiarios,Exchange centers
523121,Casas de cambio,Exchange houses
325310,Fabricacion de fertilizantes,Fertilizer manufacturing
327214,Fabricacion de fibra de vidrio,Fiberglass manufacturing
522420,Companias de factoraje financiero,Financial factoring companies
522220,Fondos y fideicomisos financieros,Financial funds and trusts
522410,Arrendadoras financieras,Financial leasing companies
313310,Acabado de productos textiles,Finishing of textile products
485210,Transporte colectivo foraneo de pasajeros de ruta fija,Fixed-route intercity passenger transport
316211,Fabricacion de calzado con corte de piel y cuero,Footwear manufacturing with leather and leather uppers
492110,Servicios de mensajeria y paqueteria foranea,Foreign courier and parcel services
484121,Autotransporte foraneo de productos agricolas sin refrigeracion,Foreign transport of non-refrigerated agricultural products
484231,Autotransporte foraneo de materiales para la construccion,Foreign transportation of construction materials
484232,Autotransporte foraneo de materiales y residuos peligrosos,Foreign transportation of hazardous materials and waste
484234,Autotransporte foraneo de madera,Foreign wood transport
238110,Trabajos de cimentaciones,Foundation work
311411,Congelacion de frutas y verduras,Freezing fruits and vegetables
311412,Congelacion de guisos y otros alimentos preparados,Freezing stews and other prepared foods
531111,Alquiler sin intermediacion de viviendas amuebladas,Furnished rentals without intermediation
337120,"Fabricacion de muebles, excepto cocinas integrales, muebles modulares de bano y muebles de oficina y estanteria","Furniture manufacturing, except for built-in kitchens, modular bathroom furniture, office furniture, and shelving."
532310,Centros generales de alquiler,General rental centers
493111,Almacenes generales de deposito,General warehouses
327211,Fabricacion de vidrio,Glass manufacturing
339912,Orfebreria y joyeria de metales y piedras preciosos,Goldsmithing and jewelry of precious metals and stones
312113,Elaboracion de hielo,Ice making
311811,Panificacion industrial,Industrial baking
323120,Industrias conexas a la impresion,Industries related to printing
483210,Transporte por aguas interiores,Inland water transport
238222,Instalaciones de sistemas centrales de aire acondicionado y calefaccion,Installation of central air conditioning and heating systems
238340,Colocacion de pisos ceramicos y azulejos,Installation of ceramic floors and tiles
238311,Colocacion de muros falsos y aislamiento,Installation of false walls and insulation
238330,Colocacion de pisos flexibles y de madera,Installation of flexible and wooden floors
237311,Instalacion de senalamientos y protecciones en obras viales,Installation of signs and protections in road works
524210,"Agentes, ajustadores y gestores de seguros y fianzas","Insurance and surety agents, adjusters, and managers"
524110,Companias de seguros,Insurance companies
321111,Aserraderos integrados,Integrated sawmills
523910,Asesoria en inversiones,Investment advice
525210,Fondos de inversion,Investment funds
339913,Joyeria de metales y piedras no preciosos y de otros materiales,Jewelry made of non-precious metals and stones and other materials
327410,Fabricacion de cal,Lime manufacturing
522430,Sociedades financieras de objeto limitado,Limited-purpose financial companies
488320,Servicios de carga y descarga para el transporte por agua,Loading and unloading services for water transport
484223,Autotransporte local con refrigeracion,Local auto transport with refrigeration
492210,Servicios de mensajeria y paqueteria local,Local courier and parcel services
484111,Autotransporte local de productos agricolas sin refrigeracion,Local transport of non-refrigerated agricultural products
484221,Autotransporte local de materiales para la construccion,Local transportation of construction materials
484222,Autotransporte local de materiales y residuos peligrosos,Local transportation of hazardous materials and waste
484224,Autotransporte local de madera,Local wood transport
484233,Autotransporte foraneo con refrigeracion,Long-distance refrigerated trucking
332710,Maquinado de piezas metalicas para maquinaria y equipo en general,Machining of metal parts for machinery and equipment in general
311820,Elaboracion de galletas y pastas para sopa,Making biscuits and pasta for soup
311230,Elaboracion de cereales para el desayuno,Making breakfast cereals
311350,Elaboracion de chocolate y productos de chocolate,Making chocolate and chocolate products
311830,Elaboracion de tortillas de maiz y molienda de nixtamal,Making corn tortillas and grinding nixtamal
314120,"Confeccion de cortinas, blancos y similares","Making curtains, whites and similar items"
315991,Confeccion de sombreros y gorras,Making hats and caps
311520,Elaboracion de helados y paletas,Making ice cream and popsicles
311923,Elaboracion de cafe instantaneo,Making instant coffee
312132,Elaboracion de pulque,Making pulque
314911,Confeccion de costales,Making sacks
311910,Elaboracion de botanas,Making snacks
311813,Elaboracion de tortillas de harina de trigo de forma tradicional,Making wheat flour tortillas in the traditional way
311215,Elaboracion de malta,Malt making
334610,Fabricacion y reproduccion de medios magneticos y opticos,Manufacture and reproduction of magnetic and optical media
327910,Fabricacion de productos abrasivos,Manufacture of abrasive products
335910,Fabricacion de acumuladores y pilas,Manufacture of accumulators and batteries
333111,Fabricacion de maquinaria y equipo agricola,Manufacture of agricultural machinery and equipment
333411,Fabricacion de equipo de aire acondicionado y calefaccion,Manufacture of air conditioning and heating equipment
339940,"Fabricacion de articulos y accesorios para escritura, pintura, dibujo y actividades de oficina","Manufacture of articles and accessories for writing, painting, drawing and office activities"
325110,Fabricacion de petroquimicos basicos del gas natural y del petroleo refinado,Manufacture of basic petrochemicals from natural gas and refined petroleum
336992,Fabricacion de bicicletas y triciclos,Manufacture of bicycles and tricycles
337920,Fabricacion de persianas y cortineros,Manufacture of blinds and curtain rods
336210,Fabricacion de carrocerias y remolques,Manufacture of bodies and trailers
339993,"Fabricacion de escobas, cepillos y similares","Manufacture of brooms, brushes and similar items"
322132,Fabricacion de carton y cartoncillo a partir de pulpa,Manufacture of cardboard and paperboard from pulp
322210,Fabricacion de envases de carton,Manufacture of cardboard packaging
327310,Fabricacion de cemento y productos a base de cemento en plantas integradas,Manufacture of cement and cement-based products in integrated plants
327330,Fabricacion de tubos y bloques de cemento y concreto,Manufacture of cement and concrete pipes and blocks
325220,Fabricacion de fibras quimicas,Manufacture of chemical fibers
339992,"Fabricacion de cierres, botones y agujas","Manufacture of closures, buttons and needles"
315210,"Confeccion de prendas de vestir de cuero, piel y de materiales sucedaneos","Manufacture of clothing made of leather, skin and similar materials"
313320,Fabricacion de telas recubiertas,Manufacture of coated fabrics
314912,Confeccion de productos de textiles recubiertos y de materiales sucedaneos,Manufacture of coated textile products and substitute materials
324199,Fabricacion de coque y otros productos derivados del petroleo refinado y del carbon mineral,Manufacture of coke and other products derived from refined petroleum and mineral coal
325620,"Fabricacion de cosmeticos, perfumes y otras preparaciones de tocador","Manufacture of cosmetics, perfumes and other toilet preparations"
322291,Fabricacion de panales desechables y productos sanitarios,Manufacture of disposable diapers and sanitary products
339112,Fabricacion de material desechable de uso medico,Manufacture of disposable medical supplies
335311,Fabricacion de motores y generadores electricos,Manufacture of electric motors and generators
336320,Fabricacion de equipo electrico y electronico y sus partes para vehiculos automotores,Manufacture of electrical and electronic equipment and parts for motor vehicles
335920,Fabricacion de cables de conduccion electrica,Manufacture of electrical cables
335312,Fabricacion de equipo y aparatos de distribucion de energia electrica,Manufacture of electrical power distribution equipment and devices
335991,Fabricacion de productos electricos de carbon y grafito,Manufacture of electrical products made of carbon and graphite
325920,Fabricacion de explosivos,Manufacture of explosives
325992,"Fabricacion de peliculas, placas y papel fotosensible para fotografia","Manufacture of films, plates and photosensitive paper for photography"
314999,Fabricacion de banderas y otros productos textiles no clasificados en otra parte,Manufacture of flags and other textile products not elsewhere classified
326110,Fabricacion de bolsas y peliculas de plastico flexible,Manufacture of flexible plastic bags and films
332110,Fabricacion de productos metalicos forjados y troquelados,Manufacture of forged and stamped metal products
336310,Fabricacion de motores de gasolina y sus partes para vehiculos automotrices,Manufacture of gasoline engines and their parts for motor vehicles
327215,Fabricacion de articulos de vidrio de uso domestico,Manufacture of glass articles for domestic use
327216,Fabricacion de articulos de vidrio de uso industrial y comercial,Manufacture of glass articles for industrial and commercial use
327213,Fabricacion de envases y ampolletas de vidrio,Manufacture of glass containers and ampoules
316991,"Fabricacion de bolsos de mano, maletas y similares","Manufacture of handbags, suitcases and similar items"
332510,Fabricacion de herrajes y cerraduras,Manufacture of hardware and locks
316219,Fabricacion de huaraches y calzado de otro tipo de materiales,Manufacture of huaraches and footwear from other types of materials
333610,"Fabricacion de motores de combustion interna, turbinas y transmisiones","Manufacture of internal combustion engines, turbines and transmissions"
331210,Fabricacion de tubos y postes de hierro y acero,Manufacture of iron and steel pipes and poles
332320,Fabricacion de productos de herreria,Manufacture of ironwork products
313240,Fabricacion de telas de tejido de punto,Manufacture of knitted fabrics
315192,Fabricacion de ropa exterior de tejido de punto,Manufacture of knitted outerwear
315110,Fabricacion de calcetines y medias de tejido de punto,Manufacture of knitted socks and stockings
315191,Fabricacion de ropa interior de tejido de punto,Manufacture of knitted underwear
321210,Fabricacion de laminados y aglutinados de madera,Manufacture of laminates and wood agglomerates
332430,Fabricacion de envases metalicos de calibre ligero,Manufacture of light gauge metal containers
333112,Fabricacion de maquinaria y equipo pecuario,Manufacture of livestock machinery and equipment
324191,Fabricacion de aceites y grasas lubricantes,Manufacture of lubricating oils and greases
333120,Fabricacion de maquinaria y equipo para la construccion,Manufacture of machinery and equipment for construction
333920,Fabricacion de maquinaria y equipo para levantar y trasladar,Manufacture of machinery and equipment for lifting and moving
332212,Fabricacion de utensilios de cocina metalicos,Manufacture of metal kitchen utensils
332910,Fabricacion de valvulas metalicas,Manufacture of metal valves
313220,Fabricacion de telas angostas de tejido de trama y pasamaneria,Manufacture of narrow weft and braided fabrics
314992,Fabricacion de redes y otros productos de cordeleria,Manufacture of nets and other rope products
327121,Fabricacion de ladrillos no refractarios,Manufacture of non-refractory bricks
327122,Fabricacion de azulejos y losetas no refractarias,Manufacture of non-refractory tiles and flagstones
313230,Fabricacion de telas no tejidas (comprimidas),Manufacture of nonwoven (compressed) fabrics
339113,Fabricacion de articulos oftalmicos,Manufacture of ophthalmic articles
335120,Fabricacion de lamparas ornamentales,Manufacture of ornamental lamps
315999,Confeccion de otros accesorios y prendas de vestir no clasificados en otra parte,Manufacture of other accessories and clothing not classified elsewhere
325180,Fabricacion de otros productos quimicos basicos inorganicos,Manufacture of other basic inorganic chemical products
325190,Fabricacion de otros productos quimicos basicos organicos,Manufacture of other basic organic chemical products
322299,Fabricacion de otros productos de carton y papel,Manufacture of other cardboard and paper products
327399,Fabricacion de otros productos de cemento y concreto,Manufacture of other cement and concrete products
325999,Fabricacion de otros productos quimicos,Manufacture of other chemical products
334290,Fabricacion de otros equipos de comunicacion,Manufacture of other communication equipment
335999,Fabricacion de otros productos electricos,Manufacture of other electrical products
327219,Fabricacion de otros productos de vidrio,Manufacture of other glass products
331220,Fabricacion de otros productos de hierro y acero,Manufacture of other iron and steel products
316999,"Fabricacion de otros productos de cuero, piel y materiales sucedaneos","Manufacture of other leather, skin and substitute materials products"
333319,Fabricacion de otra maquinaria y equipo para el comercio y los servicios,Manufacture of other machinery and equipment for commerce and services
333999,Fabricacion de otra maquinaria y equipo para la industria en general,Manufacture of other machinery and equipment for industry in general
334519,"Fabricacion de otros instrumentos de medicion, control, navegacion, y equipo medico electronico","Manufacture of other measuring, control, navigation instruments, and electronic medical equipment"
327999,Fabricacion de otros productos a base de minerales no metalicos,Manufacture of other products based on non-metallic minerals
326198,Fabricacion de otros productos de plastico con reforzamiento,Manufacture of other reinforced plastic products
326290,Fabricacion de otros productos de hule,Manufacture of other rubber products
336999,Fabricacion de otro equipo de transporte,Manufacture of other transportation equipment
326199,Fabricacion de otros productos de plastico sin reforzamiento,Manufacture of other unreinforced plastic products
326194,Fabricacion de otros productos de plastico de uso industrial sin reforzamiento,Manufacture of other unreinforced plastic products for industrial use
321999,Fabricacion de otros productos de madera,Manufacture of other wood products
325510,Fabricacion de pinturas y recubrimientos,Manufacture of paints and coatings
322220,Fabricacion de bolsas de papel y productos celulosicos recubiertos y tratados,Manufacture of paper bags and coated and treated cellulose products
325320,"Fabricacion de pesticidas y otros agroquimicos, excepto fertilizantes","Manufacture of pesticides and other agrochemicals, except fertilizers"
325412,Fabricacion de preparaciones farmaceuticas,Manufacture of pharmaceutical preparations
333312,Fabricacion de maquinas fotocopiadoras,Manufacture of photocopying machines
333311,Fabricacion de aparatos fotograficos,Manufacture of photographic equipment
326120,"Fabricacion de tuberia y conexiones, y tubos para embalaje","Manufacture of pipes and fittings, and packaging tubes"
327420,Fabricacion de yeso y productos de yeso,Manufacture of plaster and plaster products
326193,Fabricacion de envases y contenedores de plastico para embalaje con y sin reforzamiento,"Manufacture of plastic containers and packaging, with and without reinforcement"
316213,Fabricacion de calzado de plastico,Manufacture of plastic footwear
326191,Fabricacion de productos de plastico para el hogar con y sin reforzamiento,Manufacture of plastic household products with and without reinforcement
335930,"Fabricacion de enchufes, contactos, fusibles y otros accesorios para instalaciones electricas","Manufacture of plugs, contacts, fuses and other accessories for electrical installations"
327111,"Fabricacion de articulos de alfareria, porcelana y loza","Manufacture of pottery, porcelain, and earthenware"
327391,Fabricacion de productos preesforzados de concreto,Manufacture of prestressed concrete products
331112,Fabricacion de desbastes primarios y ferroaleaciones,Manufacture of primary slabs and ferroalloys
325910,Fabricacion de tintas para impresion,Manufacture of printing inks
327991,Fabricacion de productos a base de piedras de cantera,Manufacture of products based on quarry stones
321991,"Fabricacion de productos de materiales trenzables, excepto palma","Manufacture of products made of braided materials, except palm"
333910,Fabricacion de bombas y sistemas de bombeo,Manufacture of pumps and pumping systems
334220,"Fabricacion de equipo de transmision y recepcion de senales de radio y television, y equipo de comunicacion inalambrico","Manufacture of radio and television signal transmission and reception equipment, and wireless communication equipment"
327123,Fabricacion de productos refractarios,Manufacture of refractory products
326220,Fabricacion de bandas y mangueras de hule y de plastico,Manufacture of rubber and plastic bands and hoses
316214,Fabricacion de calzado de hule,Manufacture of rubber footwear
332720,"Fabricacion de tornillos, tuercas, remaches y similares","Manufacture of screws, nuts, rivets and similar"
336360,Fabricacion de asientos y accesorios interiores para vehiculos automotores,Manufacture of seats and interior accessories for motor vehicles
335210,Fabricacion de enseres electrodomesticos menores,Manufacture of small household appliances
325610,"Fabricacion de jabones, limpiadores y dentifricos","Manufacture of soaps, cleaners and toothpastes"
339920,Fabricacion de articulos deportivos,Manufacture of sporting goods
322230,Fabricacion de productos de papeleria,Manufacture of stationery products
325130,Fabricacion de pigmentos y colorantes sinteticos,Manufacture of synthetic pigments and dyes
325211,Fabricacion de resinas sinteticas,Manufacture of synthetic resins
325212,Fabricacion de hules sinteticos,Manufacture of synthetic rubbers
313113,Fabricacion de hilos para coser y bordar,Manufacture of threads for sewing and embroidery
333993,Fabricacion de aparatos e instrumentos para pesar,Manufacture of weighing apparatus and instruments
313210,Fabricacion de telas anchas de tejido de trama,Manufacture of wide weft-woven fabrics
321910,Fabricacion de productos de madera para la construccion,Manufacture of wood products for construction
321993,Fabricacion de productos de madera de uso industrial,Manufacture of wood products for industrial use
321992,Fabricacion de articulos y utensilios de madera para el hogar,Manufacture of wooden household items and utensils
321920,Fabricacion de productos para embalaje y envases de madera,Manufacture of wooden packaging and container products
339950,Fabricacion de anuncios y senalamientos,Manufacturing of advertisements and signs
324120,Fabricacion de productos de asfalto,Manufacturing of asphalt products
334310,Fabricacion de equipo de audio y de video,Manufacturing of audio and video equipment
332991,Fabricacion de baleros y rodamientos,Manufacturing of bearings and rollers
336340,Fabricacion de partes de sistemas de frenos para vehiculos automotrices,Manufacturing of brake system parts for automotive vehicles
314110,Fabricacion de alfombras y tapetes,Manufacturing of carpets and rugs
336110,Fabricacion de automoviles y camionetas,Manufacturing of cars and trucks
334110,Fabricacion de computadoras y equipo periferico,Manufacturing of computers and peripheral equipment
334410,Fabricacion de componentes electronicos,Manufacturing of electronic components
326140,Fabricacion de espumas y productos de poliestireno,Manufacturing of foams and polystyrene products
326150,Fabricacion de espumas y productos de uretano,Manufacturing of foams and urethane products
332420,Fabricacion de tanques metalicos de calibre grueso,Manufacturing of heavy-gauge metal tanks
333412,Fabricacion de equipo de refrigeracion industrial y comercial,Manufacturing of industrial and commercial refrigeration equipment
332410,Fabricacion de calderas industriales,Manufacturing of industrial boilers
325120,Fabricacion de gases industriales,Manufacturing of industrial gases
337110,Fabricacion de cocinas integrales y muebles modulares de bano,Manufacturing of integral kitchens and modular bathroom furniture
333249,Fabricacion de maquinaria y equipo para otras industrias manufactureras,Manufacturing of machinery and equipment for other manufacturing industries
333992,Fabricacion de maquinaria y equipo para envasar y empacar,Manufacturing of machinery and equipment for packaging and packing
333130,Fabricacion de maquinaria y equipo para la industria extractiva,Manufacturing of machinery and equipment for the extractive industry
333243,Fabricacion de maquinaria y equipo para la industria alimentaria y de las bebidas,Manufacturing of machinery and equipment for the food and beverage industry
333246,Fabricacion de maquinaria y equipo para la industria del vidrio y otros minerales no metalicos,Manufacturing of machinery and equipment for the glass and other non-metallic mineral industries
333510,Fabricacion de maquinaria y equipo para la industria metalmecanica,Manufacturing of machinery and equipment for the metalworking industry
333245,Fabricacion de maquinaria y equipo para la industria de la impresion,Manufacturing of machinery and equipment for the printing industry
333242,Fabricacion de maquinaria y equipo para la industria del hule y del plastico,Manufacturing of machinery and equipment for the rubber and plastics industry
333244,Fabricacion de maquinaria y equipo para la industria textil,Manufacturing of machinery and equipment for the textile industry
333241,Fabricacion de maquinaria y equipo para la industria de la madera,Manufacturing of machinery and equipment for the wood industry
332310,Fabricacion de estructuras metalicas,Manufacturing of metal structures
339991,Fabricacion de instrumentos musicales,Manufacturing of musical instruments
339111,"Fabricacion de equipo no electronico para uso medico, dental y para laboratorio","Manufacturing of non-electronic equipment for medical, dental and laboratory use"
332211,Fabricacion de herramientas de mano metalicas sin motor,Manufacturing of non-powered metal hand tools
337210,Fabricacion de muebles de oficina y estanteria,Manufacturing of office furniture and shelving
332999,Fabricacion de otros productos metalicos,Manufacturing of other metal products
336390,Fabricacion de otras partes para vehiculos automotrices,Manufacturing of other parts for automotive vehicles
326192,Fabricacion de autopartes de plastico con y sin reforzamiento,Manufacturing of plastic auto parts with and without reinforcement
326160,Fabricacion de botellas de plastico,Manufacturing of plastic bottles
336510,Fabricacion de equipo ferroviario,Manufacturing of railway equipment
325411,Fabricacion de materias primas para la industria farmaceutica,Manufacturing of raw materials for the pharmaceutical industry
325993,Fabricacion de resinas de plasticos reciclados,Manufacturing of recycled plastic resins
314993,Fabricacion de productos textiles reciclados,Manufacturing of recycled textile products
326130,Fabricacion de laminados de plastico rigido,Manufacturing of rigid plastic laminates
335110,Fabricacion de focos,Manufacturing of spotlights
336370,Fabricacion de piezas metalicas troqueladas para vehiculos automotrices,Manufacturing of stamped metal parts for automotive vehicles
336330,Fabricacion de partes de sistemas de direccion y de suspension para vehiculos automotrices,Manufacturing of steering and suspension system parts for automotive vehicles
334210,Fabricacion de equipo telefonico,Manufacturing of telephone equipment
326211,Fabricacion de llantas y camaras,Manufacturing of tires and tubes
336350,Fabricacion de partes de sistemas de transmision para vehiculos automotores,Manufacturing of transmission system parts for motor vehicles
336120,Fabricacion de camiones y tractocamiones,Manufacturing of trucks and tractor-trailers
333991,Fabricacion de equipo para soldar y soldaduras,Manufacturing of welding and soldering equipment
335220,Fabricacion de aparatos de linea blanca,Manufacturing of white goods
332610,"Fabricacion de alambre, productos de alambre y resortes","Manufacturing of wire, wire products and springs"
314991,"Confeccion, bordado y deshilado de productos textiles","Manufacturing, embroidery and unraveling of textile products"
483113,Transporte maritimo de petroleo y gas natural,Maritime transport of oil and natural gas
238130,Trabajos de albanileria,Masonry work
315224,Confeccion en serie de disfraces y trajes tipicos,Mass production of costumes and traditional outfits
315229,Confeccion en serie de otra ropa exterior de materiales textiles,Mass production of other outerwear made of textile materials
315222,Confeccion en serie de camisas,Mass production of shirts
315221,Confeccion en serie de ropa interior y de dormir,Mass production of underwear and sleepwear
315223,Confeccion en serie de uniformes,Mass production of uniforms
325991,Fabricacion de cerillos,Match making
337910,Fabricacion de colchones,Mattress manufacturing
332810,Recubrimientos y terminados metalicos,Metallic coatings and finishes
339911,Acunacion e impresion de monedas,Minting and printing of coins
327212,Fabricacion de espejos,Mirror manufacturing
522451,Montepios,Montepios
336991,Fabricacion de motocicletas,Motorcycle manufacturing
484210,Servicios de mudanzas,Moving services
522110,Banca multiple,Multiple banking
522460,Sociedades financieras de objeto multiple,Multiple-purpose financial companies
532292,Alquiler de instrumentos musicales,Musical instrument rental
531114,Alquiler sin intermediacion de oficinas y locales comerciales,Non-brokered rental of offices and commercial premises
339914,Metalisteria de metales no preciosos,Non-precious metals metalworking
481210,Transporte aereo no regular,Non-scheduled air transport
312143,Obtencion de alcohol etilico potable,Obtaining potable ethyl alcohol
324110,Refinacion de petroleo,Oil refining
237999,Otras construcciones de ingenieria civil,Other civil engineering constructions
238290,Otras instalaciones y equipamiento en construcciones,Other facilities and equipment in buildings
238390,Otros trabajos de acabados en edificaciones,Other finishing work in buildings
484129,Otro autotransporte foraneo de carga general,Other foreign general cargo transport
488519,Otros servicios de intermediacion para el transporte de carga,Other freight transport intermediation services
493119,Otros servicios de almacenamiento general sin instalaciones especializadas,Other general storage services without specialized facilities
485990,Otro transporte terrestre de pasajeros,Other land passenger transport
484119,Otro autotransporte local de carga general,Other local general cargo trucking
339999,Otras industrias manufactureras,Other manufacturing industries
522490,Otras instituciones de intermediacion crediticia y financiera no bursatil,Other non-stock market credit and financial intermediation institutions
238190,Otros trabajos en exteriores,Other outdoor work
522390,Otras instituciones de ahorro y prestamo,Other savings and loan institutions
488190,Otros servicios relacionados con el transporte aereo,Other services related to air transport
531319,Otros servicios relacionados con los servicios inmobiliarios,Other services related to real estate services
523990,Otros servicios relacionados con la intermediacion bursatil,Other services related to stock brokerage
488990,Otros servicios relacionados con el transporte,Other services related to transportation
488390,Otros servicios relacionados con el transporte por agua,Other services related to water transport
238990,Otros trabajos especializados para la construccion,Other specialized construction work
484239,Otro autotransporte foraneo de carga especializado,Other specialized foreign cargo transportation
493190,Otros servicios de almacenamiento con instalaciones especializadas,Other storage services with specialized facilities
487990,Otro transporte turistico,Other tourist transport
238320,Trabajos de pintura y otros cubrimientos de paredes,Painting and other wall coverings
322122,Fabricacion de papel a partir de pulpa,Paper manufacturing from pulp
322121,Fabricacion de papel en plantas integradas,Paper manufacturing in integrated plants
522452,Casas de empeno,Pawn shops
524120,Fondos de aseguramiento campesino,Peasant insurance funds
486910,Transporte por ductos de productos refinados del petroleo,Pipeline transportation of refined petroleum products
238312,"Trabajos de enyesado, empastado y tiroleado","Plastering, plastering and tiling work"
238221,Instalaciones hidrosanitarias y de gas,Plumbing and gas installations
522320,Cajas de ahorro popular,Popular savings banks
488310,Administracion de puertos y muelles,Port and dock management
491110,Servicios postales,Postal services
311710,Preparacion y envasado de pescados y mariscos,Preparation and packaging of fish and seafood
311924,Preparacion y envasado de te,Preparation and packaging of tea
313111,Preparacion e hilado de fibras duras naturales,Preparation and spinning of natural hard fibers
313112,Preparacion e hilado de fibras blandas naturales,Preparation and spinning of natural soft fibers
311940,Elaboracion de condimentos y aderezos,Preparation of condiments and dressings
312142,Elaboracion de bebidas destiladas de agave,Preparation of distilled agave drinks
311993,Elaboracion de alimentos frescos para consumo inmediato,Preparation of fresh foods for immediate consumption
238910,Preparacion de terrenos para la construccion,Preparation of land for construction
311999,Elaboracion de otros alimentos,Preparation of other foods
311922,Elaboracion de cafe tostado y molido,Preparation of roasted and ground coffee
311613,"Preparacion de embutidos y otras conservas de carne de ganado, aves y otros animales comestibles","Preparation of sausages and other preserved meat from cattle, poultry and other edible animals"
311422,Conservacion de frutas y verduras por procesos distintos a la congelacion y la deshidratacion,Preservation of fruits and vegetables by processes other than freezing and dehydration
311423,Conservacion de guisos y otros alimentos preparados por procesos distintos a la congelacion,Preservation of stews and other foods prepared by processes other than freezing
323111,"Impresion de libros, periodicos y revistas","Printing of books, newspapers and magazines"
323119,Impresion de formas continuas y otros impresos,Printing of continuous forms and other prints
311614,Elaboracion de manteca y otras grasas animales comestibles,Production of butter and other edible animal fats
311311,Elaboracion de azucar de cana,Production of cane sugar
312139,Elaboracion de sidra y otras bebidas fermentadas,Production of cider and other fermented beverages
312222,Elaboracion de puros y otros productos de tabaco,Production of cigars and other tobacco products
311930,"Elaboracion de concentrados, polvos, jarabes y esencias de sabor para bebidas","Production of concentrates, powders, syrups and flavor essences for beverages"
311213,Elaboracion de harina de maiz,Production of corn flour
311513,Elaboracion de derivados y fermentos lacteos,Production of dairy derivatives and ferments
311222,Elaboracion de aceites y grasas vegetales comestibles,Production of edible vegetable oils and fats
311214,Elaboracion de harina de otros productos agricolas,Production of flour from other agricultural products
311991,Elaboracion de gelatinas y otros postres en polvo,Production of gelatins and other powdered desserts
312131,Elaboracion de bebidas alcoholicas a base de uva,Production of grape-based alcoholic beverages
311511,Elaboracion de leche liquida,Production of liquid milk
312149,Elaboracion de otras bebidas destiladas,Production of other distilled beverages
311319,Elaboracion de otros azucares,Production of other sugars
311512,"Elaboracion de leche en polvo, condensada y evaporada","Production of powdered, condensed and evaporated milk"
312141,Elaboracion de ron y otras bebidas destiladas de cana,Production of rum and other distilled sugarcane beverages
312111,Elaboracion de refrescos y otras bebidas no alcoholicas,Production of soft drinks and other non-alcoholic beverages
311221,Elaboracion de feculas y otros almidones y sus derivados,Production of starches and other starches and their derivatives
311340,"Elaboracion de dulces, chicles y productos de confiteria que no sean de chocolate","Production of sweets, chewing gum and confectionery products other than chocolate"
311212,Elaboracion de harina de trigo,Production of wheat flour
322110,Fabricacion de pulpa,Pulp manufacturing
482110,Transporte por ferrocarril,Rail transport
531210,Inmobiliarias y corredores de bienes raices,Real estate agencies and real estate brokers
531311,Servicios de administracion de bienes raices,Real estate management services
493120,Almacenamiento con refrigeracion,Refrigerated storage
481112,Transporte aereo regular en lineas aereas extranjeras,Regular air transport on foreign airlines
481111,Transporte aereo regular en lineas aereas nacionales,Regular air transport on national airlines
532491,"Alquiler de maquinaria y equipo agropecuario, pesquero y para la industria manufacturera","Rental of agricultural, fishing, and manufacturing machinery and equipment"
532122,"Alquiler de autobuses, minibuses y remolques sin chofer","Rental of buses, minibuses and trailers without a driver"
532121,Alquiler de camiones de carga sin chofer,Rental of cargo trucks without a driver
532420,Alquiler de equipo de computo y de otras maquinas y mobiliario de oficina,Rental of computer equipment and other office machinery and furniture
532210,Alquiler de aparatos electricos y electronicos para el hogar y personales,Rental of electrical and electronic appliances for home and personal use
531113,Alquiler sin intermediacion de salones para fiestas y convenciones,Rental of halls for parties and conventions without intermediation
532493,Alquiler de maquinaria y equipo comercial y de servicios,Rental of machinery and commercial and service equipment
532411,"Alquiler de maquinaria y equipo para construccion, mineria y actividades forestales","Rental of machinery and equipment for construction, mining, and forestry activities"
532492,"Alquiler de maquinaria y equipo para mover, levantar y acomodar materiales","Rental of machinery and equipment to move, lift and accommodate materials"
532289,Alquiler de otros articulos para el hogar y personales,Rental of other household and personal items
532299,Alquiler de otros articulos para el hogar y personales,Rental of other household and personal items
532291,"Alquiler de mesas, sillas, vajillas y similares","Rental of tables, chairs, crockery and similar items"
532282,"Alquiler de mesas, sillas, vajillas y similares","Rental of tables, chairs, crockery and similar items"
531115,"Alquiler sin intermediacion de teatros, estadios, auditorios y similares","Rental of theaters, stadiums, auditoriums and similar venues without intermediation"
532412,"Alquiler de equipo de transporte, excepto terrestre","Rental of transportation equipment, except land"
531112,Alquiler sin intermediacion de viviendas no amuebladas,Rental of unfurnished homes without intermediation
531116,Alquiler sin intermediacion de edificios industriales dentro de un parque industrial,Rental without intermediation of industrial buildings within an industrial park
531119,Alquiler sin intermediacion de otros bienes raices,Rental without intermediation of other real estate
236113,Supervision de edificacion residencial,Residential building supervision
488492,"Servicios de administracion de carreteras, puentes y servicios auxiliares","Road, bridge and auxiliary services management services"
321112,Aserrado de tablas y tablones,Sawing boards and planks
485410,Transporte escolar y de personal,School and staff transportation
331420,Laminacion secundaria de cobre,Secondary copper rolling
331490,Laminacion secundaria de otros metales no ferrosos,Secondary rolling of other non-ferrous metals
532110,Alquiler de automoviles sin chofer,Self-drive car rental
522440,Companias de autofinanciamiento,Self-financing companies
488330,Servicios para la navegacion por agua,Services for water navigation
522510,Servicios relacionados con la intermediacion crediticia no bursatil,Services related to non-stock market credit intermediation
488210,Servicios relacionados con el transporte por ferrocarril,Services related to rail transport
551112,Tenedoras de acciones,Shareholders
316212,Fabricacion de calzado con corte de tela,Shoemaking with fabric cutting
311611,"Matanza de ganado, aves y otros animales comestibles","Slaughter of livestock, poultry and other edible animals"
331419,Fundicion y refinacion de otros metales no ferrosos,Smelting and refining of other non-ferrous metals
331412,Fundicion y refinacion de metales preciosos,Smelting and refining of precious metals
331111,Complejos siderurgicos,Steel complexes
523210,Bolsa de valores,Stock market
493130,Almacenamiento de productos agricolas que no requieren refrigeracion,Storage of agricultural products that do not require refrigeration
237313,Supervision de construccion de vias de comunicacion,Supervision of construction of communication routes
237213,Supervision de division de terrenos y de construccion de obras de urbanizacion,Supervision of land division and construction of urban development works
524130,Companias afianzadoras,Surety companies
316110,Curtido y acabado de cuero y piel,Tanning and finishing of leather and skin
326212,Revitalizacion de llantas,Tire revitalization
487110,Transporte turistico por tierra,Tourist land transportation
487210,Transporte turistico por agua,Tourist transport by water
339930,Fabricacion de juguetes,Toy manufacturing
533110,"Servicios de alquiler de marcas registradas, patentes y franquicias","Trademark, patent, and franchise rental services"
311812,Panificacion tradicional,Traditional baking
486110,Transporte de petroleo crudo por ductos,Transportation of crude oil by pipeline
486210,Transporte de gas natural por ductos,Transportation of natural gas by pipeline
485114,Transporte colectivo urbano y suburbano de pasajeros en metro,Urban and suburban public transport of passengers by metro
485113,Transporte colectivo urbano y suburbano de pasajeros en trolebuses y trenes ligeros,Urban and suburban public transport of passengers by trolleybuses and light rail
485111,Transporte colectivo urbano y suburbano de pasajeros en autobuses de ruta fija,Urban and suburban public transport of passengers on fixed-route buses
532230,Alquiler de videocasetes y discos,Videocassette and disc rental
334511,Fabricacion de relojes,Watchmaking
312112,Purificacion y embotellado de agua,Water purification and bottling
488493,Servicios de bascula para el transporte y otros servicios relacionados con el transporte por carretera,Weighing services for transport and other services related to road transport
431213,Comercio al por mayor de cerveza,Wholesale beer
431140,Comercio al por mayor de huevo,Wholesale egg trade
432130,Comercio al por mayor de calzado,Wholesale footwear
431110,Comercio al por mayor de abarrotes,Wholesale grocery trade
431194,Comercio al por mayor de miel,Wholesale honey
433420,Comercio al por mayor de libros,Wholesale of books
431191,Comercio al por mayor de pan y pasteles,Wholesale of bread and cakes
431193,Comercio al por mayor de conservas alimenticias,Wholesale of canned food
434211,"Comercio al por mayor de cemento, tabique y grava","Wholesale of cement, bricks and gravel"
434222,Comercio al por mayor de productos quimicos para la industria farmaceutica y para otro uso industrial,Wholesale of chemical products for the pharmaceutical industry and other industrial uses
431220,"Comercio al por mayor de cigarros, puros y tabaco","Wholesale of cigars, cigars and tobacco"
432120,"Comercio al por mayor de ropa, bisuteria y accesorios de vestir","Wholesale of clothing, jewelry and clothing accessories"
434240,Comercio al por mayor de articulos desechables,Wholesale of disposable items
434225,Comercio al por mayor de equipo y material electrico,Wholesale of electrical equipment and materials
434111,"Comercio al por mayor de fertilizantes, plaguicidas y semillas para siembra","Wholesale of fertilizers, pesticides and seeds for planting"
432111,"Comercio al por mayor de fibras, hilos y telas","Wholesale of fibers, threads and fabrics"
431123,Comercio al por mayor de pescados y mariscos,Wholesale of fish and seafood
431130,Comercio al por mayor de frutas y verduras frescas,Wholesale of fresh fruits and vegetables
435313,"Comercio al por mayor de mobiliario, equipo e instrumental medico y de laboratorio","Wholesale of furniture, equipment and medical and laboratory instruments"
435411,"Comercio al por mayor de mobiliario, equipo, y accesorios de computo","Wholesale of furniture, equipment, and computer accessories"
434223,"Comercio al por mayor de envases en general, papel y carton para la industria","Wholesale of general packaging, paper and cardboard for industry"
434227,Comercio al por mayor de vidrios y espejos,Wholesale of glass and mirrors
434313,Comercio al por mayor de desechos de vidrio,Wholesale of glass scrap
435312,Comercio al por mayor de articulos y accesorios para diseno y pintura artistica,Wholesale of items and accessories for artistic design and painting
433220,Comercio al por mayor de articulos de joyeria y relojes,Wholesale of jewelry and watches
432113,Comercio al por mayor de cueros y pieles,Wholesale of leather and skins
434228,Comercio al por mayor de ganado y aves en pie,Wholesale of livestock and poultry on the hoof
435319,Comercio al por mayor de maquinaria y equipo para otros servicios y para actividades comerciales,Wholesale of machinery and equipment for other services and commercial activities
435220,Comercio al por mayor de maquinaria y equipo para la industria manufacturera,Wholesale of machinery and equipment for the manufacturing industry
433430,Comercio al por mayor de revistas y periodicos,Wholesale of magazines and newspapers
434221,Comercio al por mayor de materiales metalicos para la construccion y la manufactura,Wholesale of metal materials for construction and manufacturing
434311,Comercio al por mayor de desechos metalicos,Wholesale of metal scrap
431160,Comercio al por mayor de leche y otros productos lacteos,Wholesale of milk and other dairy products
436112,"Comercio al por mayor de partes y refacciones nuevas para automoviles, camionetas y camiones","Wholesale of new parts and spare parts for cars, vans, and trucks"
431211,Comercio al por mayor de bebidas no alcoholicas y hielo,Wholesale of non-alcoholic beverages and ice
435412,Comercio al por mayor de mobiliario y equipo de oficina,Wholesale of office furniture and equipment
434219,"Comercio al por mayor de otros materiales para la construccion, excepto de madera y metalicos","Wholesale of other construction materials, except wood and metal"
431199,Comercio al por mayor de otros alimentos,Wholesale of other foods
435419,Comercio al por mayor de otra maquinaria y equipo de uso general,Wholesale of other machinery and equipment for general use
434229,Comercio al por mayor de otras materias primas para otras industrias,Wholesale of other raw materials for other industries
432119,Comercio al por mayor de otros productos textiles,Wholesale of other textile products
434319,Comercio al por mayor de otros materiales de desecho,Wholesale of other waste materials
434226,Comercio al por mayor de pintura,Wholesale of paint
434312,Comercio al por mayor de desechos de papel y de carton,Wholesale of paper and cardboard waste
433210,Comercio al por mayor de articulos de perfumeria y cosmeticos,Wholesale of perfumery and cosmetics
433110,Comercio al por mayor de productos farmaceuticos,Wholesale of pharmaceutical products
434314,Comercio al por mayor de desechos de plastico,Wholesale of plastic waste
431122,Comercio al por mayor de carne de aves,Wholesale of poultry meat
433311,Comercio al por mayor de discos y casetes,Wholesale of records and cassettes
431121,Comercio al por mayor de carnes rojas,Wholesale of red meats
431170,Comercio al por mayor de embutidos,Wholesale of sausages
431150,"Comercio al por mayor de semillas y granos alimenticios, especias y chiles secos","Wholesale of seeds and food grains, spices and dried chilies"
433510,Comercio al por mayor de electrodomesticos menores y aparatos de linea blanca,Wholesale of small household appliances and white goods
431192,Comercio al por mayor de botanas y frituras,Wholesale of snacks and fried foods
433313,Comercio al por mayor de articulos y aparatos deportivos,Wholesale of sporting goods and equipment
433410,Comercio al por mayor de articulos de papeleria,Wholesale of stationery items
431180,Comercio al por mayor de dulces y materias primas para reposteria,Wholesale of sweets and raw materials for baking
435311,"Comercio al por mayor de equipo de telecomunicaciones, fotografia y cinematografia","Wholesale of telecommunications, photography and cinematography equipment"
433312,Comercio al por mayor de juguetes y bicicletas,Wholesale of toys and bicycles
436111,Comercio al por mayor de camiones,Wholesale of trucks
434112,"Comercio al por mayor de medicamentos veterinarios y alimentos para animales, excepto mascotas","Wholesale of veterinary medicines and animal feed, except pets"
432112,Comercio al por mayor de blancos,Wholesale of white goods
431212,Comercio al por mayor de vinos y licores,Wholesale of wines and spirits
434224,Comercio al por mayor de madera para la construccion y la industria,Wholesale of wood for construction and industry
437210,Intermediacion de comercio al por mayor exclusivamente a traves de Internet y otros medios electronicos,Wholesale trade intermediation exclusively through the Internet and other electronic means
437113,"Intermediacion de comercio al por mayor para productos de uso domestico y personal, excepto a traves de Internet y de otros medios electronicos","Wholesale trade intermediation for products for domestic and personal use, except through the Internet and other electronic means"
437111,"Intermediacion de comercio al por mayor de productos agropecuarios, excepto a traves de Internet y de otros medios electronicos","Wholesale trade intermediation of agricultural products, except through the Internet and other electronic means"
437112,"Intermediacion de comercio al por mayor de productos para la industria, el comercio y los servicios, excepto a traves de Internet y de otros medios electronicos","Wholesale trade intermediation of products for industry, commerce and services, except through the Internet and other electronic means"
435110,"Comercio al por mayor de maquinaria y equipo agropecuario, forestal y para la pesca","Wholesale trade of agricultural, forestry, and fishing machinery and equipment"
434230,Comercio al por mayor de combustibles de uso industrial,Wholesale trade of fuels for industrial use
435210,Comercio al por mayor de maquinaria y equipo para la construccion y la mineria,Wholesale trade of machinery and equipment for construction and mining
321113,Tratamiento de la madera y fabricacion de postes y durmientes,Wood treatment and manufacture of posts and sleepers
311992,Elaboracion de levadura,Yeast making